City_ID,City,Lat,Lng,Max Temp,Humidity,Cloudiness,Wind Speed,Country,Date
0,puerto ayora,-0.7393,-90.3518,20.86,99,19,2.47,EC,2024-07-03
1,uturoa,-16.7333,-151.4333,25.84,75,38,10.64,PF,2024-07-03
2,adamstown,-25.066,-130.1015,20.6,62,100,6.11,PN,2024-07-03
3,ushuaia,-54.8,-68.3,1.81,80,75,6.69,AR,2024-07-03
4,ilulissat,69.2167,-51.1,3.01,100,100,0.51,GL,2024-07-03
5,saint-georges,12.0564,-61.7485,26.82,89,75,7.72,GD,2024-07-03
6,tiksi,71.6872,128.8694,4.3,76,100,3.85,RU,2024-07-03
7,albertina,-22.2008,-46.6158,13.05,63,0,2.51,BR,2024-07-03
8,aasiaat,68.7098,-52.8699,2.51,91,99,0.99,GL,2024-07-03
9,marsa alam,25.0757,34.8918,33.97,34,18,6.37,EG,2024-07-03
10,hithadhoo,-0.6,73.0833,28.56,74,97,1.25,MV,2024-07-03
11,hanting,36.7708,119.2108,35.09,33,25,3.51,CN,2024-07-03
12,enoch,37.7733,-113.0244,19.14,27,0,0.0,US,2024-07-03
13,ribeira grande,38.5167,-28.7,23.22,64,40,6.69,PT,2024-07-03
14,qoryooley,1.7878,44.53,30.34,50,97,9.11,SO,2024-07-03
15,grytviken,-54.2811,-36.5092,-5.05,77,7,1.77,GS,2024-07-03
16,masina,-4.3836,15.3914,25.19,78,40,5.14,CD,2024-07-03
17,sandnessjoen,66.0217,12.6316,13.29,87,75,3.09,NO,2024-07-03
18,enewetak,11.3474,162.3373,28.32,81,100,8.01,MH,2024-07-03
19,blackmans bay,-43.0167,147.3167,6.52,84,14,0.45,AU,2024-07-03
20,tukrah,32.5341,20.5791,27.55,70,58,6.4,LY,2024-07-03
21,albany,42.6001,-73.9662,16.13,91,71,1.09,US,2024-07-03
22,invercargill,-46.4,168.35,6.12,90,24,0.89,NZ,2024-07-03
23,nizwa,22.9333,57.5333,40.9,11,7,5.29,OM,2024-07-03
24,bovalino,38.149,16.174,28.94,60,6,1.84,IT,2024-07-03
25,kupang,-10.1667,123.5833,31.32,66,40,8.75,ID,2024-07-03
26,edinburgh of the seven seas,-37.0676,-12.3116,13.34,79,38,17.75,SH,2024-07-03
27,hami,42.8,93.45,29.57,29,80,3.62,CN,2024-07-03
28,waitangi,-43.9535,-176.5597,7.12,97,100,2.68,NZ,2024-07-03
29,buala,-8.145,159.5921,27.11,84,98,4.47,SB,2024-07-03
30,bredasdorp,-34.5322,20.0403,14.0,69,86,2.57,ZA,2024-07-03
31,oranjemund,-28.55,16.4333,15.02,71,4,0.98,NA,2024-07-03
32,hadibu,12.65,54.0333,29.85,61,61,13.5,YE,2024-07-03
33,ciudad lazaro cardenas,17.9583,-102.2,24.58,89,94,1.53,MX,2024-07-03
34,vadso,70.0744,29.7487,10.49,93,100,6.69,NO,2024-07-03
35,new plymouth,-39.0667,174.0833,9.34,100,9,5.39,NZ,2024-07-03
36,assare,-6.8744,-39.875,16.86,91,1,0.93,BR,2024-07-03
37,kabalo,-6.05,26.9167,32.25,21,88,3.07,CD,2024-07-03
38,yellowknife,62.456,-114.3525,14.29,82,100,3.09,CA,2024-07-03
39,yaren,-0.5472,166.916,29.27,69,100,3.48,NR,2024-07-03
40,puerto leguizamo,-0.1934,-74.7819,20.68,99,89,0.9,CO,2024-07-03
41,saipan,15.1355,145.701,31.39,66,40,5.14,MP,2024-07-03
42,avarua,-21.2078,-159.775,24.03,83,20,4.12,CK,2024-07-03
43,manggar,-2.8833,108.2667,27.66,84,72,4.64,ID,2024-07-03
44,georgetown,5.4112,100.3354,31.97,51,20,4.63,MY,2024-07-03
45,ouesso,1.6136,16.0517,32.59,45,74,1.22,CG,2024-07-03
46,jamestown,42.097,-79.2353,21.12,64,0,3.6,US,2024-07-03
47,macau,22.2006,113.5461,33.89,79,20,4.63,MO,2024-07-03
48,bogale,16.2833,95.4,25.22,93,100,3.91,MM,2024-07-03
49,puerto natales,-51.7236,-72.4875,-3.42,97,76,1.82,CL,2024-07-03
50,hermanus,-34.4187,19.2345,14.89,80,98,4.06,ZA,2024-07-03
51,palmer,42.1584,-72.3287,16.19,89,0,0.0,US,2024-07-03
52,hilo,19.7297,-155.09,22.92,91,20,2.57,US,2024-07-03
53,udachny,66.4167,112.4,16.51,32,17,7.8,RU,2024-07-03
54,port-aux-francais,-49.35,70.2167,0.98,54,31,6.61,TF,2024-07-03
55,manokwari,-0.8667,134.0833,27.61,80,44,3.2,ID,2024-07-03
56,tazovsky,67.4667,78.7,18.41,36,100,6.31,RU,2024-07-03
57,hamilton,39.1834,-84.5333,26.01,81,75,5.14,US,2024-07-03
58,emporia,38.4039,-96.1817,23.11,94,0,1.54,US,2024-07-03
59,crane,31.3974,-102.3501,27.32,46,67,8.86,US,2024-07-03
60,gizo,-8.103,156.8419,28.04,81,87,5.92,SB,2024-07-03
61,betare oya,5.6,14.0833,25.28,81,30,1.16,CM,2024-07-03
62,olyokminsk,60.3736,120.4264,27.95,41,83,4.39,RU,2024-07-03
63,iqaluit,63.7506,-68.5145,5.85,75,40,6.17,CA,2024-07-03
64,mocimboa,-11.3167,40.35,27.91,57,75,4.77,MZ,2024-07-03
65,west island,-12.1568,96.8225,28.99,79,75,9.26,CC,2024-07-03
66,abidjan,5.3094,-4.0197,26.98,83,20,6.17,CI,2024-07-03
67,east london,-33.0153,27.9116,16.52,77,0,2.57,ZA,2024-07-03
68,whitehorse,60.7161,-135.0538,12.43,87,100,1.54,CA,2024-07-03
69,thompson,55.7435,-97.8558,11.09,93,75,0.0,CA,2024-07-03
70,mili,6.0815,171.735,29.19,78,76,7.56,MH,2024-07-03
71,bodo,67.28,14.405,12.1,94,75,2.57,NO,2024-07-03
72,santa rosalia,27.3167,-112.2833,27.46,77,69,2.95,MX,2024-07-03
73,lanciano,42.2167,14.3882,25.35,64,99,1.34,IT,2024-07-03
74,bethel,41.3712,-73.414,16.79,89,0,0.0,US,2024-07-03
75,alofi,-19.0595,-169.9187,23.94,88,20,3.6,NU,2024-07-03
76,rongelap,11.1635,166.8941,28.34,77,100,8.66,MH,2024-07-03
77,flying fish cove,-10.4217,105.6791,26.82,89,100,5.66,CX,2024-07-03
78,hawaiian paradise park,19.5933,-154.9731,22.8,90,20,2.57,US,2024-07-03
79,itoman,26.1247,127.6694,32.21,79,20,4.63,JP,2024-07-03
80,badger,64.8,-147.5333,18.38,56,99,2.53,US,2024-07-03
81,clinton,42.587,-82.9199,23.29,77,100,0.45,US,2024-07-03
82,chamalieres,45.7756,3.0631,16.4,82,100,0.51,FR,2024-07-03
83,wailua homesteads,22.0669,-159.378,24.44,86,100,4.12,US,2024-07-03
84,kismayo,-0.3582,42.5454,28.04,63,93,7.89,SO,2024-07-03
85,port saint john's,-31.6229,29.5448,21.56,59,62,1.47,ZA,2024-07-03
86,bandon,51.7469,-8.7425,16.77,84,100,5.39,IE,2024-07-03
87,santa ana,33.7456,-117.8678,20.99,89,20,1.54,US,2024-07-03
88,cacu,-18.5567,-51.1308,16.83,54,0,2.05,BR,2024-07-03
89,keflavik,64.0049,-22.5624,10.95,93,100,5.66,IS,2024-07-03
90,coari,-4.085,-63.1414,23.07,92,89,0.75,BR,2024-07-03
91,isafjordur,66.0755,-23.124,8.02,71,100,5.14,IS,2024-07-03
92,magadan,59.5667,150.8,14.36,78,79,2.01,RU,2024-07-03
93,cova figueira,14.8905,-24.2934,18.32,80,71,1.54,CV,2024-07-03
94,howrah,22.5892,88.3103,30.05,84,75,3.6,IN,2024-07-03
95,huarmey,-10.0681,-78.1522,17.41,85,55,1.47,PE,2024-07-03
96,la passe,45.5549,-0.8967,20.13,71,83,5.4,FR,2024-07-03
97,bend,44.0582,-121.3153,10.77,67,0,0.89,US,2024-07-03
98,pointe aux piments,-20.0628,57.5131,25.31,58,52,7.02,MU,2024-07-03
99,sur,22.5667,59.5289,42.72,22,3,5.41,OM,2024-07-03
100,portland,45.5234,-122.6762,13.7,83,3,0.89,US,2024-07-03
101,port elizabeth,-33.918,25.5701,15.61,86,0,3.09,ZA,2024-07-03
102,acapulco de juarez,16.8634,-99.8901,25.9,89,100,2.06,MX,2024-07-03
103,bargaal,11.2864,51.0773,38.97,29,79,8.49,SO,2024-07-03
104,fale old settlement,-9.3852,-171.2468,28.91,78,30,9.68,TK,2024-07-03
105,plainview,40.7765,-73.4673,20.7,89,0,0.0,US,2024-07-03
106,arraial do cabo,-22.9661,-42.0278,21.39,88,1,6.68,BR,2024-07-03
107,port isabel,26.0734,-97.2086,28.34,85,0,2.06,US,2024-07-03
108,longyearbyen,78.2186,15.6401,9.91,66,75,6.69,SJ,2024-07-03
109,prokuplje,43.2342,21.5881,19.6,50,39,4.6,RS,2024-07-03
110,vorgashor,67.5833,63.95,14.01,95,100,6.44,RU,2024-07-03
111,gurupi,-11.7292,-49.0686,21.09,48,6,3.32,BR,2024-07-03
112,grand falls-windsor,48.9332,-55.6649,12.64,87,0,1.46,CA,2024-07-03
113,qaqortoq,60.7167,-46.0333,2.57,91,51,0.99,GL,2024-07-03
114,yurty,56.0498,97.6348,30.6,38,77,3.51,RU,2024-07-03
115,colonia,50.9333,6.95,16.44,75,20,2.57,DE,2024-07-03
116,griffith,41.5284,-87.4237,24.92,59,0,5.14,US,2024-07-03
117,constantia,44.1833,28.65,25.38,53,11,3.81,RO,2024-07-03
118,iskateley,67.6803,53.1512,18.49,67,99,9.38,RU,2024-07-03
119,harstad,68.799,16.5293,11.75,90,100,0.89,NO,2024-07-03
120,montelibano,7.9829,-75.4229,23.08,93,67,1.15,CO,2024-07-03
121,strathmore,51.0501,-113.3852,11.67,87,95,8.23,CA,2024-07-03
122,prado,-17.3411,-39.2208,20.73,82,7,1.47,BR,2024-07-03
123,taltal,-25.4,-70.4833,13.12,73,47,2.35,CL,2024-07-03
124,punta arenas,-53.15,-70.9167,-2.94,93,100,2.06,CL,2024-07-03
125,margaret river,-33.95,115.0667,14.63,58,0,2.45,AU,2024-07-03
126,novo aripuana,-5.1206,-60.3797,21.9,96,25,0.92,BR,2024-07-03
127,mount isa,-20.7333,139.5,16.87,29,0,6.69,AU,2024-07-03
128,santander,43.4647,-3.8044,18.67,71,100,1.79,ES,2024-07-03
129,dudinka,69.4058,86.1778,18.12,34,52,7.24,RU,2024-07-03
130,berezovyy,51.6667,135.7,32.13,52,16,1.98,RU,2024-07-03
131,mana,5.6592,-53.7767,24.05,93,33,3.72,GF,2024-07-03
132,sitka,57.0531,-135.33,11.94,71,100,2.06,US,2024-07-03
133,carnarvon,-24.8667,113.6333,22.32,33,0,8.18,AU,2024-07-03
134,male,4.1748,73.5089,32.97,70,40,4.12,MV,2024-07-03
135,codrington,-38.2667,141.9667,6.45,83,0,3.0,AU,2024-07-03
136,mali,12.079,-12.2982,18.07,79,9,2.61,GN,2024-07-03
137,atafu village,-8.5421,-172.5159,29.21,77,8,9.4,TK,2024-07-03
138,serra talhada,-7.9919,-38.2983,20.55,77,100,6.1,BR,2024-07-03
139,sarikamis,40.3381,42.5731,17.47,55,28,1.82,TR,2024-07-03
140,guerrero negro,27.9769,-114.0611,17.91,92,14,3.18,MX,2024-07-03
141,praia da vitoria,38.7333,-27.0667,22.64,83,40,3.84,PT,2024-07-03
142,cabo san lucas,22.8909,-109.9124,25.61,86,93,0.45,MX,2024-07-03
143,vila franca do campo,37.7167,-25.4333,22.23,88,53,1.55,PT,2024-07-03
144,lebu,-37.6167,-73.65,7.33,78,100,4.67,CL,2024-07-03
145,boyolangu,-8.1181,111.8935,25.97,88,100,3.56,ID,2024-07-03
146,sibolga,1.7427,98.7792,29.5,72,100,2.59,ID,2024-07-03
147,fort st. john,56.2499,-120.8529,11.94,100,100,4.12,CA,2024-07-03
148,saint-leu,-21.15,55.2833,24.48,69,12,5.32,RE,2024-07-03
149,port alfred,-33.5906,26.891,16.21,86,100,0.45,ZA,2024-07-03
150,acarau,-2.8856,-40.12,24.12,89,12,5.38,BR,2024-07-03
151,taksimo,56.3444,114.8794,31.0,35,59,2.03,RU,2024-07-03
152,cockburn town,21.4612,-71.1419,27.87,89,99,10.2,TC,2024-07-03
153,salalah,17.0151,54.0924,31.05,84,75,6.69,OM,2024-07-03
154,zunyi,27.6867,106.9072,25.94,85,88,5.58,CN,2024-07-03
155,melekeok village,7.4957,134.6367,31.31,70,75,2.57,PW,2024-07-03
156,severo-yeniseyskiy,60.3725,93.0408,24.19,45,75,1.5,RU,2024-07-03
157,qurayyat,31.3318,37.3428,32.1,15,0,5.14,SA,2024-07-03
158,cidreira,-30.1811,-50.2056,14.5,92,54,4.56,BR,2024-07-03
159,iwanai,42.9744,140.5089,18.34,93,100,3.53,JP,2024-07-03
160,chuzhou,32.3219,118.2978,29.11,83,85,3.19,CN,2024-07-03
161,lata,40.1629,-8.3327,27.49,58,10,1.43,PT,2024-07-03
162,sosnovo-ozerskoye,52.5249,111.5418,32.59,23,91,0.79,RU,2024-07-03
163,ugoofaaru,5.6667,73.0,29.18,74,97,5.05,MV,2024-07-03
164,lanark,55.6737,-3.7817,11.85,84,94,4.92,GB,2024-07-03
165,mitu,1.1983,-70.1733,21.31,99,92,0.5,CO,2024-07-03
166,kruisfontein,-34.0033,24.7314,14.38,60,100,2.32,ZA,2024-07-03
167,al ghayzah,16.2079,52.176,34.07,56,71,4.87,YE,2024-07-03
168,hafar al-batin,28.4328,45.9708,42.32,8,0,6.17,SA,2024-07-03
169,yoakum,29.2878,-97.1519,26.25,92,100,2.53,US,2024-07-03
170,nova sintra,14.8667,-24.7167,24.37,78,80,3.17,CV,2024-07-03
171,reggane,26.7158,0.1714,42.4,5,0,5.06,DZ,2024-07-03
172,calheta,32.7167,-17.1833,22.62,66,24,1.34,PT,2024-07-03
173,papatowai,-46.5619,169.4708,5.9,87,68,2.37,NZ,2024-07-03
174,souillac,-20.5167,57.5167,25.21,57,40,5.66,MU,2024-07-03
175,marsh harbour,26.5412,-77.0636,27.99,79,7,4.11,BS,2024-07-03
176,mugia,43.1041,-9.2179,19.53,76,23,6.97,ES,2024-07-03
177,ambovombe,-25.1667,46.0833,24.17,52,0,3.93,MG,2024-07-03
178,amahai,-3.3333,128.9167,25.34,91,89,4.26,ID,2024-07-03
179,yatou,37.15,122.3833,25.43,70,29,1.8,CN,2024-07-03
180,san antonio de pale,-1.4014,5.6325,23.74,82,100,6.65,GQ,2024-07-03
181,nuuk,64.1835,-51.7216,3.34,93,100,2.57,GL,2024-07-03
182,port mathurin,-19.6833,63.4167,21.94,64,13,8.38,MU,2024-07-03
183,colachel,8.1667,77.25,32.14,75,100,2.68,IN,2024-07-03
184,santa cruz,-17.8,-63.1667,18.7,94,0,2.06,BO,2024-07-03
185,valga,57.7778,26.0473,15.56,89,96,1.34,EE,2024-07-03
186,olonkinbyen,70.9221,-8.7187,2.06,96,100,3.89,SJ,2024-07-03
187,carlsbad,33.1581,-117.3506,20.06,91,40,0.45,US,2024-07-03
188,college,64.8569,-147.8028,18.43,57,98,0.45,US,2024-07-03
189,chonchi,-42.6128,-73.8092,5.56,89,75,4.39,CL,2024-07-03
190,petropavlovsk-kamchatsky,53.0452,158.6483,9.33,100,75,1.0,RU,2024-07-03
191,sinabang,2.4803,96.3801,30.44,61,89,1.02,ID,2024-07-03
192,minas de marcona,-15.2119,-75.1103,9.33,93,25,1.28,PE,2024-07-03
193,villa gesell,-37.2639,-56.973,7.92,67,71,9.42,AR,2024-07-03
194,stanley,54.868,-1.6985,12.01,88,40,3.6,GB,2024-07-03
195,pisco,-13.7,-76.2167,16.03,88,100,1.54,PE,2024-07-03
196,vilyuchinsk,52.9306,158.4028,10.15,97,100,3.21,RU,2024-07-03
197,songea,-10.6833,35.65,20.64,60,0,1.54,TZ,2024-07-03
198,chibougamau,49.9168,-74.3659,16.79,72,75,4.63,CA,2024-07-03
199,dingcheng,32.1272,115.0394,30.52,73,49,5.19,CN,2024-07-03
200,gebeit,21.0667,36.3167,36.94,12,99,2.79,SD,2024-07-03
201,nar'yan-mar,67.6713,53.087,18.69,65,99,9.65,RU,2024-07-03
202,st. john's,47.5649,-52.7093,13.15,99,100,7.72,CA,2024-07-03
203,saint-pierre,-21.3393,55.4781,24.82,61,0,10.29,RE,2024-07-03
204,newman,37.3138,-121.0208,27.13,64,0,0.89,US,2024-07-03
205,bodaybo,57.8506,114.1933,32.24,46,58,2.49,RU,2024-07-03
206,paola,39.3599,16.0396,29.83,71,39,2.15,IT,2024-07-03
207,lazaro cardenas,17.9583,-102.2,24.58,89,94,1.53,MX,2024-07-03
208,liberia,6.5,-9.5,22.28,96,100,1.16,LR,2024-07-03
209,kodiak,57.79,-152.4072,8.73,93,100,0.0,US,2024-07-03
210,anan,33.9167,134.65,26.88,85,85,1.64,JP,2024-07-03
211,susuman,62.7833,148.1667,14.44,69,61,2.05,RU,2024-07-03
212,lakatoro,-16.0999,167.4164,24.29,77,95,2.75,VU,2024-07-03
213,vapi,20.3718,72.9049,31.26,74,43,9.22,IN,2024-07-03
214,bonthe,7.5264,-12.505,25.94,79,39,1.57,SL,2024-07-03
215,yeppoon,-23.1333,150.7333,20.14,84,15,5.43,AU,2024-07-03
216,limon,10.0,-83.0333,24.47,86,100,2.57,CR,2024-07-03
217,neiafu,-18.65,-173.9833,25.2,86,28,9.18,TO,2024-07-03
218,bilibino,68.0546,166.4372,15.18,63,80,1.96,RU,2024-07-03
219,brookings,44.3114,-96.7984,17.0,93,0,2.06,US,2024-07-03
220,broome,42.2506,-75.833,16.56,95,89,2.02,US,2024-07-03
221,marietta,33.9526,-84.5499,24.93,83,20,2.57,US,2024-07-03
222,cole harbour,44.6724,-63.4751,13.88,91,9,3.6,CA,2024-07-03
223,midvagur,62.0511,-7.1939,10.46,93,75,4.63,FO,2024-07-03
224,tura,25.5198,90.2201,28.49,86,100,3.75,IN,2024-07-03
225,tazacorte,28.629,-17.9293,21.54,86,75,6.17,ES,2024-07-03
226,kolonia town,6.964,158.206,28.0,83,100,1.54,FM,2024-07-03
227,kone,-21.0595,164.8658,20.36,89,93,1.46,NC,2024-07-03
228,copsa mica,46.1167,24.25,16.6,81,100,3.55,RO,2024-07-03
229,loiza,18.4313,-65.8802,29.15,87,75,2.57,PR,2024-07-03
230,kuta,-8.7233,115.1723,26.97,94,75,6.17,ID,2024-07-03
231,korsakov,46.6328,142.7813,26.91,79,100,6.57,RU,2024-07-03
232,bubaque,11.2833,-15.8333,26.58,80,86,8.35,GW,2024-07-03
233,venev,54.3553,38.2684,28.99,46,6,4.8,RU,2024-07-03
234,khandyga,62.6667,135.6,22.11,56,98,1.87,RU,2024-07-03
235,yuzhno-kurilsk,44.0306,145.8556,18.17,75,76,1.27,RU,2024-07-03
236,polyarnyy,69.1989,33.4478,13.05,80,83,5.64,RU,2024-07-03
237,ben gardane,33.1378,11.2197,26.93,51,0,3.52,TN,2024-07-03
238,china,25.7,-99.2333,25.99,80,2,5.98,MX,2024-07-03
239,weno,7.4515,151.8468,28.97,79,75,3.09,FM,2024-07-03
240,solleftea,63.1667,17.2667,14.92,67,100,1.65,SE,2024-07-03
241,sarmiento,-45.5882,-69.07,5.05,59,0,10.82,AR,2024-07-03
242,veraval,20.9,70.3667,29.72,83,100,9.98,IN,2024-07-03
243,nguigmi,14.2495,13.1092,34.14,37,15,6.19,NE,2024-07-03
244,talnakh,69.4865,88.3972,17.2,35,69,6.66,RU,2024-07-03
245,kurchatov,51.6601,35.6521,32.23,45,87,3.3,RU,2024-07-03
246,bangar,16.8936,120.4243,29.9,77,95,2.33,PH,2024-07-03
247,port lincoln,-34.7333,135.8667,10.47,66,0,5.03,AU,2024-07-03
248,kill devil hills,36.0307,-75.676,22.77,88,0,0.0,US,2024-07-03
249,jijel,36.8205,5.7667,26.97,47,20,2.06,DZ,2024-07-03
250,kavaratti,10.5669,72.642,28.47,86,99,7.58,IN,2024-07-03
251,coronel dorrego,-38.7187,-61.2873,5.18,74,63,4.81,AR,2024-07-03
252,mount gambier,-37.8333,140.7667,5.83,73,1,2.25,AU,2024-07-03
253,remire-montjoly,4.9167,-52.2667,23.02,100,0,0.0,GF,2024-07-03
254,newcastle,-32.9272,151.7765,13.73,92,75,4.63,AU,2024-07-03
255,dawei,14.0833,98.2,25.82,85,100,0.77,MM,2024-07-03
256,egilsstadir,65.2653,-14.3948,7.95,87,100,4.12,IS,2024-07-03
257,nizhneangarsk,55.7833,109.55,18.23,62,55,0.54,RU,2024-07-03
258,stornoway,58.2093,-6.3865,12.24,95,75,6.69,GB,2024-07-03
259,port moresby,-9.4431,147.1797,26.68,89,75,7.72,PG,2024-07-03
260,coquimbo,-29.9533,-71.3436,12.77,56,0,1.54,CL,2024-07-03
261,utrik,11.2278,169.8474,27.91,78,46,8.05,MH,2024-07-03
262,luena,-11.7833,19.9167,25.11,22,21,3.47,AO,2024-07-03
263,mersa matruh,31.3525,27.2453,32.11,37,0,1.54,EG,2024-07-03
264,claiborne,32.516,-92.1918,27.25,84,0,0.0,US,2024-07-03
265,ta`u,-14.2336,-169.5144,27.31,82,8,11.73,AS,2024-07-03
266,monoharpur,22.1083,88.0789,29.47,79,95,6.3,IN,2024-07-03
267,chaman,30.9236,66.4512,40.8,9,0,4.57,PK,2024-07-03
268,necochea,-38.5473,-58.7368,7.81,84,76,7.98,AR,2024-07-03
269,birao,10.2849,22.7882,33.21,39,60,1.76,CF,2024-07-03
270,conceicao do mato dentro,-19.0372,-43.425,11.85,95,0,0.27,BR,2024-07-03
271,tamanrasset,22.785,5.5228,32.95,15,0,4.63,DZ,2024-07-03
272,saint-jean-de-braye,47.913,1.9771,16.62,81,100,3.6,FR,2024-07-03
273,prince rupert,54.3161,-130.3201,12.83,85,100,6.69,CA,2024-07-03
274,siwa oasis,29.2041,25.5195,36.87,15,0,2.59,EG,2024-07-03
275,port pirie,-33.1833,138.0167,10.1,61,5,3.66,AU,2024-07-03
276,khorinsk,52.1657,109.7726,35.3,18,63,1.23,RU,2024-07-03
277,saint-joseph,-21.3667,55.6167,24.21,71,4,6.01,RE,2024-07-03
278,whangarei,-35.7317,174.3239,7.74,86,78,0.9,NZ,2024-07-03
279,bayevo,53.2833,80.7667,26.32,42,52,2.84,RU,2024-07-03
280,san patricio,28.017,-97.5169,28.94,84,0,3.39,US,2024-07-03
281,camana,-16.6228,-72.7111,14.08,88,60,1.1,PE,2024-07-03
282,las margaritas,16.3167,-91.9833,15.8,98,91,1.53,MX,2024-07-03
283,anadyr,64.75,177.4833,18.28,59,0,3.0,RU,2024-07-03
284,whakatane,-37.9585,176.9854,6.95,93,8,2.38,NZ,2024-07-03
285,arkhangel'sk,64.5401,40.5433,25.06,47,40,2.0,RU,2024-07-03
286,huanggang,23.677,116.9996,34.94,73,3,3.19,CN,2024-07-03
287,natal,-5.795,-35.2094,23.36,94,75,4.12,BR,2024-07-03
288,kumagunnam,13.1551,10.6342,32.94,40,12,3.67,NG,2024-07-03
289,ilha de mocambique,-15.0342,40.7358,26.2,60,29,4.67,MZ,2024-07-03
290,kodinsk,58.6881,99.1844,31.3,29,98,4.1,RU,2024-07-03
291,presidente dutra,-5.29,-44.49,25.47,45,100,3.14,BR,2024-07-03
292,happy valley-goose bay,53.3168,-60.3315,12.17,94,40,4.12,CA,2024-07-03
293,usogorsk,63.4106,48.6872,28.59,49,61,4.06,RU,2024-07-03
294,visby,57.6409,18.296,17.68,77,20,4.63,SE,2024-07-03
295,cadale,2.7603,46.3222,27.61,71,93,10.53,SO,2024-07-03
296,kondoa,-4.9,35.7833,25.13,40,76,2.5,TZ,2024-07-03
297,shiqi,22.5168,113.3852,32.95,56,14,5.1,CN,2024-07-03
298,sawakin,19.1059,37.3321,41.45,27,94,6.08,SD,2024-07-03
299,nagqu,31.5,92.0,18.02,41,77,8.84,CN,2024-07-03
300,tofol,5.3248,163.0078,28.88,79,75,1.54,FM,2024-07-03
301,padang,-0.9492,100.3543,32.03,77,83,2.12,ID,2024-07-03
302,port blair,11.6667,92.75,25.02,94,100,0.51,IN,2024-07-03
303,tangalle,6.024,80.7911,33.09,65,86,7.1,LK,2024-07-03
304,greymouth,-42.4667,171.2,3.39,84,28,3.18,NZ,2024-07-03
305,gobabis,-22.45,18.9667,20.69,10,0,2.61,NA,2024-07-03
306,maceio,-9.6658,-35.7353,22.69,88,75,1.54,BR,2024-07-03
307,salinopolis,-0.6136,-47.3561,25.9,84,41,5.49,BR,2024-07-03
308,pimenta bueno,-11.6725,-61.1936,18.13,61,45,0.49,BR,2024-07-03
309,satun,6.8333,100.0,34.0,63,77,2.87,TH,2024-07-03
310,iisalmi,63.5592,27.1907,17.93,58,100,2.59,FI,2024-07-03
311,amos,48.5669,-78.1162,17.68,70,100,4.27,CA,2024-07-03
312,jiaojiang,28.6803,121.4428,29.22,80,0,5.01,CN,2024-07-03
313,fort-shevchenko,44.5086,50.263,30.47,34,100,4.03,KZ,2024-07-03
314,merizo village,13.2658,144.6691,29.31,79,99,5.63,GU,2024-07-03
315,fort bragg,35.139,-79.006,19.91,91,0,0.45,US,2024-07-03
316,poso,-1.3959,120.7524,23.59,98,100,1.17,ID,2024-07-03
317,arzamas,55.3949,43.8399,29.96,51,3,3.45,RU,2024-07-03
318,boende,-0.2167,20.8667,34.73,40,43,0.96,CD,2024-07-03
319,cabedelo,-6.9811,-34.8339,22.37,85,82,5.7,BR,2024-07-03
320,ribeira brava,32.65,-17.0667,22.62,76,5,1.75,PT,2024-07-03
321,general villegas,-35.0328,-63.0125,4.36,53,32,3.4,AR,2024-07-03
322,ust-nera,64.5667,143.2,18.89,54,100,1.36,RU,2024-07-03
323,okhotsk,59.3833,143.3,13.59,72,63,3.32,RU,2024-07-03
324,kapuskasing,49.4169,-82.4331,18.05,68,100,6.17,CA,2024-07-03
325,tongouson,5.0214,120.1328,27.4,81,100,3.12,PH,2024-07-03
326,hedaru,-4.5,37.9,27.0,47,80,4.06,TZ,2024-07-03
327,chapada dos guimaraes,-15.4606,-55.7497,16.81,49,0,2.48,BR,2024-07-03
328,aykhal,66.0,111.5,16.52,34,8,5.13,RU,2024-07-03
329,emerald,-23.5333,148.1667,14.63,78,0,4.54,AU,2024-07-03
330,badr hunayn,23.7829,38.7905,39.04,16,7,4.19,SA,2024-07-03
331,droitwich,52.2667,-2.15,13.75,89,100,4.86,GB,2024-07-03
332,el bauga,18.262,33.9081,39.53,23,30,6.56,SD,2024-07-03
333,suva,-18.1416,178.4415,24.71,88,75,1.54,FJ,2024-07-03
334,tadine,-21.55,167.8833,21.78,84,89,2.32,NC,2024-07-03
335,tiznit,29.5833,-9.5,24.25,51,0,2.05,MA,2024-07-03
336,kayangel,8.0823,134.7173,29.42,68,100,2.06,PW,2024-07-03
337,ankang,32.68,109.0172,23.52,87,100,1.25,CN,2024-07-03
338,kashkhatau,43.3185,43.608,24.31,61,27,3.82,RU,2024-07-03
339,lycksele,64.5954,18.6735,16.93,55,40,2.06,SE,2024-07-03
340,mount pleasant,32.7941,-79.8626,25.56,95,100,2.57,US,2024-07-03
341,masterton,-40.9597,175.6575,6.72,88,100,2.31,NZ,2024-07-03
342,saguenay,48.4168,-71.0657,16.16,87,75,2.57,CA,2024-07-03
343,baiquan,47.5833,126.0833,25.46,62,100,2.5,CN,2024-07-03
344,vilyuysk,63.7553,121.6247,21.01,47,2,4.49,RU,2024-07-03
345,alice springs,-23.7,133.8833,8.75,53,0,3.6,AU,2024-07-03
346,chinde,26.8418,88.0763,22.22,93,100,2.53,NP,2024-07-03
347,masuguru,-11.3667,38.4167,29.98,36,99,2.26,TZ,2024-07-03
348,beyneu,45.3167,55.2,33.47,18,4,2.05,KZ,2024-07-03
349,victoria,22.2855,114.1577,34.03,63,0,4.85,HK,2024-07-03
350,kloulklubed,7.0419,134.2556,31.28,73,100,2.93,PW,2024-07-03
351,shache,38.4167,77.2406,35.69,15,0,1.38,CN,2024-07-03
352,mpika,-11.8343,31.4529,22.85,39,55,3.29,ZM,2024-07-03
353,mata-utu,-13.2816,-176.1745,28.16,80,20,9.85,WF,2024-07-03
354,ingeniero guillermo n. juarez,-23.9,-61.85,17.07,62,0,1.79,AR,2024-07-03
355,shibetsu,43.659,145.132,25.39,57,0,3.09,JP,2024-07-03
356,sunne,59.8376,13.143,15.23,90,100,0.64,SE,2024-07-03
357,puerto colombia,10.9878,-74.9547,25.05,79,100,1.18,CO,2024-07-03
358,le port,-20.9373,55.2919,25.0,65,20,2.02,RE,2024-07-03
359,belmonte,-15.8631,-38.8828,21.6,75,69,2.63,BR,2024-07-03
360,tonghae,37.5439,129.1069,26.44,69,100,4.06,KR,2024-07-03
361,nishinoomote,30.7333,131.0,32.31,66,20,2.57,JP,2024-07-03
362,afaahiti,-17.75,-149.2833,22.93,73,100,9.01,PF,2024-07-03
363,port augusta,-32.5,137.7667,9.83,64,5,4.74,AU,2024-07-03
364,heber city,40.5069,-111.4132,15.55,32,0,0.93,US,2024-07-03
365,bairnsdale,-37.8333,147.6167,10.48,85,61,0.5,AU,2024-07-03
366,bela,25.9333,81.9833,31.72,66,100,3.25,IN,2024-07-03
367,pico truncado,-46.7949,-67.9573,3.14,60,4,12.35,AR,2024-07-03
368,sao jose da coroa grande,-8.8978,-35.1478,23.79,83,83,5.2,BR,2024-07-03
369,statesboro,32.4488,-81.7832,24.74,93,75,0.0,US,2024-07-03
370,acajutla,13.5928,-89.8275,25.16,86,99,2.48,SV,2024-07-03
371,rehoboth,-23.3167,17.0833,18.94,7,0,0.96,NA,2024-07-03
372,villa yapacani,-17.4,-63.8333,16.57,89,4,1.55,BO,2024-07-03
373,abu al matamir,30.9102,30.1744,30.27,15,0,3.07,EG,2024-07-03
374,west fargo,46.875,-96.9004,17.23,76,0,2.57,US,2024-07-03
375,abaza,52.655,90.0928,16.66,94,100,1.15,RU,2024-07-03
376,puiesti,46.4167,27.5,16.47,88,100,3.68,RO,2024-07-03
377,la ronge,55.1001,-105.2842,18.14,59,40,3.6,CA,2024-07-03
378,mil'kovo,55.6078,37.7956,32.46,44,8,5.8,RU,2024-07-03
379,karystos,38.0133,24.4161,31.85,60,0,0.33,GR,2024-07-03
380,al mijlad,11.0333,27.7333,30.83,44,87,3.99,SD,2024-07-03
381,papao,-17.75,-149.55,23.82,74,100,10.34,PF,2024-07-03
382,naze,28.3667,129.4833,29.51,80,26,1.58,JP,2024-07-03
383,dunedin,-45.8742,170.5036,6.56,84,85,1.79,NZ,2024-07-03
384,mejit,10.2753,170.8646,28.09,80,59,7.77,MH,2024-07-03
385,tindouf,27.6711,-8.1474,34.74,10,0,9.07,DZ,2024-07-03
386,jennings,38.7192,-90.2604,25.81,77,20,6.17,US,2024-07-03
387,bima,-8.4667,118.7167,27.58,79,98,1.95,ID,2024-07-03
388,east end,34.5507,-92.341,26.47,94,1,1.56,US,2024-07-03
389,tolanaro,-25.0319,46.9987,24.04,69,40,7.2,MG,2024-07-03
390,kulunda,52.566,78.9385,25.75,37,60,3.15,RU,2024-07-03
391,cururupu,-1.8283,-44.8683,23.18,94,11,0.95,BR,2024-07-03
392,sola,-13.8833,167.55,26.17,73,36,8.54,VU,2024-07-03
393,colotlan,22.1,-103.2667,19.19,69,4,2.5,MX,2024-07-03
394,puerto baquerizo moreno,-0.9,-89.6,20.63,89,16,3.13,EC,2024-07-03
395,linhares,-19.3911,-40.0722,18.6,96,0,1.56,BR,2024-07-03
396,andergrove,-21.0833,149.1833,20.36,79,52,5.48,AU,2024-07-03
397,marsabit,2.3284,37.9899,23.54,46,54,7.11,KE,2024-07-03
398,marakkanam,12.2,79.95,36.19,51,100,4.91,IN,2024-07-03
399,akureyri,65.6835,-18.0878,7.96,93,100,3.09,IS,2024-07-03
400,karratha,-20.7377,116.8463,26.88,36,0,6.66,AU,2024-07-03
401,enriquillo,17.9,-71.2333,25.68,90,100,8.01,DO,2024-07-03
402,bhamo,24.2667,97.2333,28.77,94,100,0.56,MM,2024-07-03
403,kununurra,-15.7667,128.7333,26.99,36,8,3.6,AU,2024-07-03
404,hit,33.6416,42.8251,39.31,15,0,7.66,IQ,2024-07-03
405,waingapu,-9.6567,120.2641,27.5,67,100,8.91,ID,2024-07-03
406,cox's bazar,21.4532,91.9798,29.02,78,100,7.38,BD,2024-07-03
407,halifax,44.6453,-63.5724,14.17,92,11,3.6,CA,2024-07-03
408,bondoukou,8.0333,-2.8,25.53,73,97,4.89,CI,2024-07-03
409,revel,43.4667,2.0,19.47,83,100,6.64,FR,2024-07-03
410,hotan,37.0997,79.9269,36.19,14,0,5.31,CN,2024-07-03
411,al hasakah,36.5024,40.7477,35.39,19,0,1.0,SY,2024-07-03
412,majene,-3.5403,118.9707,24.82,91,99,4.87,ID,2024-07-03
413,malanje,-9.5402,16.341,26.38,20,52,3.2,AO,2024-07-03
414,maintirano,-18.0667,44.0167,26.99,47,6,2.9,MG,2024-07-03
415,kamina,-8.7386,24.9906,28.57,23,92,3.05,CD,2024-07-03
416,saldanha,-33.0117,17.9442,13.03,94,100,9.51,ZA,2024-07-03
417,aripuana,-9.1667,-60.6333,19.66,62,32,0.68,BR,2024-07-03
418,mar del plata,-38.0023,-57.5575,7.27,85,0,7.2,AR,2024-07-03
419,qamdo,31.1667,97.2333,15.47,54,98,3.5,CN,2024-07-03
420,menongue,-14.6585,17.691,25.78,19,22,2.7,AO,2024-07-03
421,kingston,17.997,-76.7936,26.53,89,75,5.66,JM,2024-07-03
422,panjab,34.388,67.0233,24.28,12,0,3.84,AF,2024-07-03
423,mirny,62.5353,113.9611,21.82,37,100,2.83,RU,2024-07-03
424,umm kaddadah,13.6017,26.6876,35.32,27,33,5.02,SD,2024-07-03
425,al jawf,29.5,38.75,33.26,13,0,3.62,SA,2024-07-03
426,mulayjah,27.271,48.4242,43.74,9,0,6.46,SA,2024-07-03
427,stephenville,32.2207,-98.2023,26.25,68,0,2.57,US,2024-07-03
428,howard springs,-12.497,131.047,29.99,48,42,1.45,AU,2024-07-03
429,siauliai,55.9333,23.3167,17.01,72,75,5.66,LT,2024-07-03
430,el colomo,19.05,-104.25,23.07,84,100,1.64,MX,2024-07-03
431,tsiombe,-25.3,45.4833,25.62,44,0,4.33,MG,2024-07-03
432,tralee,52.2704,-9.7026,14.14,94,75,2.57,IE,2024-07-03
433,daru,-9.0763,143.2092,25.33,92,100,7.81,PG,2024-07-03
434,malango,-2.9627,119.9001,21.49,98,100,0.52,ID,2024-07-03
435,kargasok,59.0556,80.8572,15.64,90,100,3.27,RU,2024-07-03
436,namtsy,62.7161,129.6658,25.46,54,9,7.0,RU,2024-07-03
437,quellon,-43.1167,-73.6167,6.63,90,100,7.67,CL,2024-07-03
438,tinogasta,-28.0632,-67.5649,5.9,47,3,0.62,AR,2024-07-03
439,zhukovka,53.534,33.728,25.21,62,100,2.68,RU,2024-07-03
440,poronaysk,49.2167,143.1167,13.92,83,2,3.32,RU,2024-07-03
441,buka,40.8108,69.1986,35.27,14,0,2.17,UZ,2024-07-03
442,kristiansund,63.1115,7.732,14.03,71,75,6.17,NO,2024-07-03
443,ngunut,-8.1058,112.0159,26.91,78,100,5.11,ID,2024-07-03
444,northam,51.0333,-4.2167,15.77,95,100,6.47,GB,2024-07-03
445,oyonnax,46.2592,5.6573,19.23,72,100,2.04,FR,2024-07-03
446,peniche,39.3558,-9.3811,18.95,89,4,7.1,PT,2024-07-03
447,bambari,5.768,20.6757,31.16,52,73,0.99,CF,2024-07-03
448,pleiku,13.9833,108.0,25.26,88,100,1.76,VN,2024-07-03
449,kozluk,38.1938,41.4885,31.44,21,45,3.46,TR,2024-07-03
450,lompoc,34.6391,-120.4579,17.79,76,0,1.4,US,2024-07-03
451,pemangkat,1.1667,108.9667,28.79,79,19,6.62,ID,2024-07-03
452,mattersburg,47.7333,16.4,19.54,58,95,6.22,AT,2024-07-03
453,vryheid,-27.7695,30.7917,22.8,21,1,2.9,ZA,2024-07-03
454,ambon,-3.6954,128.1814,26.04,95,40,1.54,ID,2024-07-03
455,san luis,-33.295,-66.3356,7.65,55,83,8.96,AR,2024-07-03
456,lihue,21.9789,-159.3672,24.77,83,100,4.12,US,2024-07-03
457,tomatlan,19.9333,-105.25,22.7,88,91,0.63,MX,2024-07-03
458,nemuro,43.3236,145.575,18.58,75,93,2.55,JP,2024-07-03
459,petropavlovka,50.6114,105.3196,31.88,34,7,4.31,RU,2024-07-03
460,vila velha,-20.3297,-40.2925,18.97,94,0,0.0,BR,2024-07-03
461,porto novo,6.4965,2.6036,25.9,93,100,4.46,BJ,2024-07-03
462,klyuchi,52.2667,79.1667,24.51,42,80,1.97,RU,2024-07-03
463,tumaco,1.7986,-78.8156,24.41,90,99,3.27,CO,2024-07-03
464,sorong,-0.8833,131.25,27.81,76,83,1.29,ID,2024-07-03
465,ostersund,63.1792,14.6357,11.25,76,0,6.17,SE,2024-07-03
466,sitangkai,4.6628,119.3928,27.99,76,93,4.88,PH,2024-07-03
467,kerikeri,-35.2268,173.9474,8.54,85,72,1.58,NZ,2024-07-03
468,geraldton,-28.7667,114.6,18.23,55,0,5.66,AU,2024-07-03
469,rio grande,-32.035,-52.0986,11.64,90,0,5.06,BR,2024-07-03
470,opuwo,-18.0607,13.84,24.26,11,52,3.01,NA,2024-07-03
471,cill airne,52.05,-9.5167,14.03,94,75,2.57,IE,2024-07-03
472,tabou,4.423,-7.3528,25.62,77,88,4.61,CI,2024-07-03
473,kailua-kona,19.6406,-155.9956,24.98,94,75,1.54,US,2024-07-03
474,holualoa,19.6228,-155.9522,22.91,94,75,1.54,US,2024-07-03
475,chapra,25.7667,84.75,30.99,61,95,3.54,IN,2024-07-03
476,ust'-ordynskiy,52.805,104.7508,33.94,31,18,2.29,RU,2024-07-03
477,umea,63.8284,20.2597,17.96,68,20,1.03,SE,2024-07-03
478,chancay,-11.5714,-77.2672,16.56,85,98,1.72,PE,2024-07-03
479,chaozhou,23.6651,116.6379,34.92,68,41,3.09,CN,2024-07-03
480,mutsalaul,43.2755,46.7308,31.97,26,43,9.75,RU,2024-07-03
481,jinchang,38.4953,102.1739,32.17,13,0,5.8,CN,2024-07-03
482,aldama,22.9167,-98.0667,26.39,97,6,1.0,MX,2024-07-03
483,nuku'alofa,-21.1333,-175.2,23.19,88,20,3.6,TO,2024-07-03
484,liepaja,56.5419,21.0367,16.99,82,75,6.69,LV,2024-07-03
485,mogoytuy,51.2833,114.9167,33.33,22,100,2.53,RU,2024-07-03
486,colby,39.3958,-101.0524,19.44,91,40,3.6,US,2024-07-03
487,inhambane,-23.865,35.3833,23.89,59,0,0.85,MZ,2024-07-03
488,madalena,41.2162,-8.3345,25.3,77,25,0.57,PT,2024-07-03
489,sassandra,4.95,-6.0833,24.87,87,84,3.82,CI,2024-07-03
490,zeya,53.75,127.2667,37.68,21,8,2.69,RU,2024-07-03
491,tucuma,-0.1833,-50.05,24.54,92,37,3.05,BR,2024-07-03
492,santa terezinha,-29.9002,-50.0904,14.83,94,57,4.13,BR,2024-07-03
493,wakiso,0.4044,32.4594,24.75,36,87,3.15,UG,2024-07-03
494,labrador city,52.9463,-66.9114,15.1,67,100,2.06,CA,2024-07-03
495,ihiala,5.8538,6.8603,23.34,95,100,2.34,NG,2024-07-03
496,sangmelima,2.9333,11.9833,26.66,67,70,1.45,CM,2024-07-03
497,fortuna,40.5982,-124.1573,10.51,91,0,0.0,US,2024-07-03
498,pahrump,36.2083,-115.9839,27.36,18,0,1.37,US,2024-07-03
499,issia,6.4922,-6.5856,24.11,79,95,2.92,CI,2024-07-03
500,igrim,63.1906,64.4162,26.78,51,79,3.24,RU,2024-07-03
501,vanino,49.0869,140.2543,20.57,90,92,1.22,RU,2024-07-03
502,mossel bay,-34.1831,22.146,17.96,57,10,1.93,ZA,2024-07-03
503,carauari,-4.8828,-66.8958,21.8,83,46,0.28,BR,2024-07-03
504,san juan de miraflores,-12.1629,-76.9635,14.93,99,69,2.1,PE,2024-07-03
505,smithers,54.7804,-127.1743,12.18,66,75,1.03,CA,2024-07-03
506,filey,54.21,-0.2892,12.16,88,80,3.58,GB,2024-07-03
507,sept-iles,50.2001,-66.3821,13.36,92,20,1.03,CA,2024-07-03
508,puerto aysen,-45.4,-72.7,3.05,96,100,3.16,CL,2024-07-03
509,dryden,49.7833,-92.7503,15.16,94,100,5.14,CA,2024-07-03
510,sisimiut,66.9395,-53.6735,4.3,78,75,0.61,GL,2024-07-03
511,antonio enes,-16.2325,39.9086,26.83,54,56,2.6,MZ,2024-07-03
512,plettenberg bay,-34.0527,23.3716,18.14,48,76,0.78,ZA,2024-07-03
513,glace bay,46.1969,-59.957,10.99,81,0,2.86,CA,2024-07-03
514,shizunai-furukawacho,42.3339,142.3669,18.29,80,100,1.67,JP,2024-07-03
515,labasa,-16.4167,179.3833,23.81,91,45,3.9,FJ,2024-07-03
516,center,31.5107,-96.4247,26.81,78,0,3.01,US,2024-07-03
517,christchurch,-43.5333,172.6333,5.53,87,80,2.57,NZ,2024-07-03
518,fomboni,-12.28,43.7425,25.66,71,48,6.85,KM,2024-07-03
519,yaring,6.8662,101.3689,32.25,58,85,1.91,TH,2024-07-03
520,kolonia,50.9333,6.95,16.44,75,20,2.57,DE,2024-07-03
521,kapa'a,22.0752,-159.319,25.18,85,100,4.12,US,2024-07-03
522,inarajan village,13.2736,144.7484,29.54,79,100,5.57,GU,2024-07-03
523,shwebo,22.5667,95.7,33.05,56,100,6.28,MM,2024-07-03
524,villamontes,-21.25,-63.5,11.74,81,0,1.63,BO,2024-07-03
525,byron,44.0327,-92.6455,17.68,96,0,4.12,US,2024-07-03
526,inirida,3.8653,-67.9239,22.43,99,93,0.99,CO,2024-07-03
527,semirara,12.0697,121.3986,29.31,74,6,6.69,PH,2024-07-03
528,roscommon,53.6333,-8.1833,13.4,92,100,6.03,IE,2024-07-03
529,arauca,7.0847,-70.7591,24.0,97,93,0.51,CO,2024-07-03
530,brigantine,39.4101,-74.3646,19.45,95,100,0.0,US,2024-07-03
531,cassino,41.4876,13.8315,26.47,46,99,1.92,IT,2024-07-03
532,kalispell,48.1958,-114.3129,13.15,91,100,1.34,US,2024-07-03
533,pingliang,35.5392,106.6861,23.14,57,100,4.9,CN,2024-07-03
534,gewane,10.1664,40.6453,28.7,49,100,6.06,ET,2024-07-03
535,progreso,21.2833,-89.6667,25.54,96,66,2.98,MX,2024-07-03
536,wickenburg,33.9686,-112.7296,32.47,18,26,2.58,US,2024-07-03
537,borodino,55.9106,94.8983,27.99,58,100,4.9,RU,2024-07-03
538,kovdor,67.5662,30.4758,13.91,60,86,4.24,RU,2024-07-03
539,tobelo,1.7284,128.0095,28.46,74,40,1.77,ID,2024-07-03
540,ovruch,51.3246,28.8035,15.46,98,100,2.74,UA,2024-07-03
541,olinda,-8.0089,-34.8553,22.85,94,75,4.12,BR,2024-07-03
542,pangody,65.85,74.4859,19.3,39,100,8.35,RU,2024-07-03
543,mermoz boabab,14.7065,-17.4758,27.88,83,40,3.09,SN,2024-07-03
544,walvis bay,-22.9575,14.5053,12.27,93,0,0.51,NA,2024-07-03
545,celestun,20.8667,-90.4,24.98,91,87,3.51,MX,2024-07-03
546,new norfolk,-42.7826,147.0587,7.18,93,6,0.68,AU,2024-07-03
547,bozdar wada,27.1828,68.636,44.77,24,3,4.48,PK,2024-07-03
548,fisterra,42.9049,-9.2629,19.45,76,33,8.18,ES,2024-07-03
549,dorridge,52.3747,-1.7581,12.75,93,75,4.12,GB,2024-07-03
550,ambatolampy,-19.3833,47.4167,18.24,44,5,2.15,MG,2024-07-03
551,usinsk,65.9939,57.5281,22.65,49,96,7.5,RU,2024-07-03
552,pyapon,16.2833,95.6833,24.88,95,100,3.64,MM,2024-07-03
